time;filename
38869.530766125;img0.png
38869.564124208;img1.png
38869.597482;img2.png
38869.630839916;img3.png
38869.664197875;img4.png
38869.697555666;img5.png
38869.730913666;img6.png
38869.764271541;img7.png
38869.797629583;img8.png
38869.830987333;img9.png
38869.864345166;img10.png
38869.89770325;img11.png
38869.931061083;img12.png
38869.964419041;img13.png
38869.997776916;img14.png
38870.031134708;img15.png
38870.06449275;img16.png
38870.097850541;img17.png
38870.131208541;img18.png
38870.164566291;img19.png
38870.197924083;img20.png
38870.231282125;img21.png
38870.26464;img22.png
38870.297997833;img23.png
38870.331355791;img24.png
38870.364713708;img25.png
38870.398071625;img26.png
38870.431429458;img27.png
38870.46478725;img28.png
38870.498145333;img29.png
38870.531503125;img30.png
38870.564861;img31.png
38870.598219083;img32.png
38870.631576791;img33.png
38870.664934875;img34.png
38870.698292625;img35.png
38870.731650708;img36.png
38870.765008416;img37.png
38870.798366375;img38.png
38870.831724375;img39.png
38870.86508225;img40.png
38870.89844025;img41.png
38870.931797958;img42.png
38870.965155833;img43.png
38870.998513875;img44.png
38871.031871708;img45.png
38871.065229416;img46.png
38871.098587541;img47.png
38871.131945291;img48.png
38871.165303416;img49.png
38871.198661208;img50.png
38871.232019166;img51.png
38871.265377;img52.png
38871.298734875;img53.png
38871.332092833;img54.png
38871.36545075;img55.png
38871.398808458;img56.png
38871.4321665;img57.png
38871.465524291;img58.png
38871.498882333;img59.png
38871.532240208;img60.png
38871.565598166;img61.png
38871.598955958;img62.png
38871.632313833;img63.png
38871.665671916;img64.png
38871.699029666;img65.png
38871.732387583;img66.png
38871.765745458;img67.png
38871.799103375;img68.png
38871.832461291;img69.png
38871.865819166;img70.png
38871.899176958;img71.png
38871.932534958;img72.png
38871.965892875;img73.png
38871.999250833;img74.png
38872.032608708;img75.png
38872.065966541;img76.png
38872.0993245;img77.png
38872.132682416;img78.png
38872.16604025;img79.png
38872.199398208;img80.png
38872.232756041;img81.png
38872.266114041;img82.png
38872.299471833;img83.png
38872.332829791;img84.png
38872.366187708;img85.png
38872.399545583;img86.png
38872.4329035;img87.png
38872.466261333;img88.png
38872.499619125;img89.png
38872.532977125;img90.png
38872.566335041;img91.png
38872.599693041;img92.png
38872.633050791;img93.png
38872.666408708;img94.png
38872.69976675;img95.png
38872.733124541;img96.png
38872.7664825;img97.png
38872.799840416;img98.png
38872.833198083;img99.png
38872.866556125;img100.png
38872.899914041;img101.png
38872.933271833;img102.png
38872.966629916;img103.png
38872.99998775;img104.png
38873.033345708;img105.png
38873.066703583;img106.png
38873.100061458;img107.png
38873.133419416;img108.png
38873.166777166;img109.png
38873.200135083;img110.png
38873.233493041;img111.png
38873.266851083;img112.png
38873.300208875;img113.png
38873.333566625;img114.png
38873.366924708;img115.png
38873.4002825;img116.png
38873.433640416;img117.png
38873.466998375;img118.png
38873.500356125;img119.png
38873.53371425;img120.png
38873.567072;img121.png
38873.60043;img122.png
38873.633787916;img123.png
38873.667145708;img124.png
38873.700503625;img125.png
38873.733861583;img126.png
38873.767219291;img127.png
38873.800577375;img128.png
38873.833935166;img129.png
38873.867293125;img130.png
38873.900651083;img131.png
38873.934008791;img132.png
38873.967366875;img133.png
38874.000724666;img134.png
38874.034082625;img135.png
38874.067440583;img136.png
38874.100798333;img137.png
38874.134156416;img138.png
38874.16751425;img139.png
38874.200872208;img140.png
38874.23423;img141.png
38874.267587916;img142.png
38874.300945791;img143.png
38874.334303708;img144.png
38874.367661583;img145.png
38874.401019583;img146.png
38874.434377291;img147.png
38874.467735291;img148.png
38874.501093166;img149.png
38874.534451;img150.png
38874.567808958;img151.png
38874.601166875;img152.png
38874.634524833;img153.png
38874.667882583;img154.png
38874.7012405;img155.png
38874.734598458;img156.png
38874.767956333;img157.png
38874.801314291;img158.png
38874.83467225;img159.png
38874.868030125;img160.png
38874.901387958;img161.png
38874.934745833;img162.png
38874.968103791;img163.png
38875.00146175;img164.png
38875.034819541;img165.png
38875.0681775;img166.png
38875.101535416;img167.png
38875.134893416;img168.png
38875.168251208;img169.png
38875.201609;img170.png
38875.234967;img171.png
38875.268324916;img172.png
38875.30168275;img173.png
38875.335040625;img174.png
38875.368398583;img175.png
38875.401756458;img176.png
38875.435114333;img177.png
38875.468472375;img178.png
38875.501830083;img179.png
38875.535188083;img180.png
38875.568546;img181.png
38875.60190375;img182.png
38875.635261833;img183.png
38875.668619666;img184.png
38875.7019775;img185.png
38875.7353355;img186.png
38875.768693375;img187.png
38875.802051125;img188.png
38875.835409166;img189.png
38875.868767;img190.png
38875.902124958;img191.png
38875.935482833;img192.png
38875.968840708;img193.png
38876.002198666;img194.png
38876.035556458;img195.png
38876.0689145;img196.png
38876.102272375;img197.png
38876.135630083;img198.png
38876.16898825;img199.png
38876.202346083;img200.png
38876.235703958;img201.png
38876.269061875;img202.png
38876.302419666;img203.png
38876.335777583;img204.png
38876.369135458;img205.png
38876.402493583;img206.png
38876.43585125;img207.png
38876.469209166;img208.png
38876.502567125;img209.png
38876.535924916;img210.png
38876.569282916;img211.png
38876.602640791;img212.png
38876.635998708;img213.png
38876.669356708;img214.png
38876.702714583;img215.png
38876.736072416;img216.png
38876.769430291;img217.png
38876.802788083;img218.png
38876.83614625;img219.png
38876.869504041;img220.png
38876.902862;img221.png
38876.936219791;img222.png
38876.969577625;img223.png
38877.002935625;img224.png
38877.036293583;img225.png
38877.069651333;img226.png
38877.103009291;img227.png
38877.136367166;img228.png
38877.169725125;img229.png
38877.203083083;img230.png
38877.23644075;img231.png
38877.269798875;img232.png
38877.303156583;img233.png
38877.336514625;img234.png
38877.369872541;img235.png
38877.403230375;img236.png
38877.436588291;img237.png
38877.469946208;img238.png
38877.503304166;img239.png
38877.536662083;img240.png
38877.570019916;img241.png
38877.603377791;img242.png
38877.636735708;img243.png
38877.670093583;img244.png
38877.703451458;img245.png
38877.736809291;img246.png
38877.770167333;img247.png
38877.80352525;img248.png
38877.836883083;img249.png
38877.870240958;img250.png
38877.903598791;img251.png
38877.936956791;img252.png
38877.97031475;img253.png
38878.003672666;img254.png
38878.037030458;img255.png
38878.070388375;img256.png
38878.103746291;img257.png
38878.137104208;img258.png
38878.170462;img259.png
38878.203819958;img260.png
38878.237177791;img261.png
38878.270535833;img262.png
38878.303893583;img263.png
38878.337251583;img264.png
38878.370609416;img265.png
38878.403967291;img266.png
38878.437325291;img267.png
38878.470683125;img268.png
38878.50404125;img269.png
38878.537398958;img270.png
38878.570756916;img271.png
38878.60411475;img272.png
38878.637472666;img273.png
38878.670830416;img274.png
38878.704188458;img275.png
38878.737546375;img276.png
38878.770904416;img277.png
38878.804262208;img278.png
38878.837619958;img279.png
38878.870977916;img280.png
38878.904335791;img281.png
38878.937693875;img282.png
38878.971051708;img283.png
38879.004409541;img284.png
38879.037767583;img285.png
38879.071125416;img286.png
38879.10448325;img287.png
38879.137841125;img288.png
38879.171199083;img289.png
38879.204557;img290.png
38879.237914916;img291.png
38879.271272875;img292.png
38879.304630625;img293.png
38879.337988458;img294.png
38879.3713465;img295.png
38879.404704291;img296.png
38879.438062208;img297.png
38879.471420125;img298.png
38879.504777958;img299.png
38879.538135791;img300.png
38879.57149375;img301.png
38879.604851666;img302.png
38879.63820975;img303.png
38879.671567583;img304.png
38879.704925458;img305.png
38879.73828325;img306.png
38879.771641208;img307.png
38879.80499925;img308.png
38879.838357083;img309.png
38879.871715083;img310.png
38879.90507275;img311.png
38879.938430625;img312.png
38879.971788625;img313.png
38880.005146541;img314.png
38880.038504583;img315.png
38880.071862291;img316.png
38880.10522025;img317.png
38880.13857825;img318.png
38880.171936083;img319.png
38880.205293791;img320.png
38880.238651875;img321.png
38880.272009666;img322.png
38880.305367625;img323.png
38880.3387255;img324.png
38880.372083375;img325.png
38880.405441291;img326.png
38880.438799125;img327.png
38880.472157125;img328.png
38880.505515;img329.png
38880.538872791;img330.png
38880.572230875;img331.png
38880.605588708;img332.png
38880.63894675;img333.png
38880.672304541;img334.png
38880.705662291;img335.png
38880.739020333;img336.png
38880.77237825;img337.png
38880.805736083;img338.png
38880.839094;img339.png
38880.872451833;img340.png
38880.905809916;img341.png
38880.939167666;img342.png
38880.972525625;img343.png
38881.0058835;img344.png
38881.039241291;img345.png
38881.072599291;img346.png
38881.105957083;img347.png
38881.139315208;img348.png
38881.172673041;img349.png
38881.206030833;img350.png
38881.239388875;img351.png
38881.272746708;img352.png
38881.306104583;img353.png
38881.339462583;img354.png
38881.372820375;img355.png
38881.406178333;img356.png
38881.439536208;img357.png
38881.472893958;img358.png
38881.506252083;img359.png
38881.539609791;img360.png
38881.572967833;img361.png
38881.606325625;img362.png
38881.639683458;img363.png
38881.6730415;img364.png
38881.706399333;img365.png
38881.739757416;img366.png
38881.773115208;img367.png
38881.806473041;img368.png
38881.839830958;img369.png
38881.873188875;img370.png
38881.906546791;img371.png
38881.939904708;img372.png
38881.9732625;img373.png
38882.0066205;img374.png
38882.039978375;img375.png
38882.073336125;img376.png
38882.106694208;img377.png
38882.140052;img378.png
38882.173409916;img379.png
38882.206767791;img380.png
38882.240125833;img381.png
38882.273483708;img382.png
38882.3068415;img383.png
38882.340199541;img384.png
38882.373557333;img385.png
38882.406915375;img386.png
38882.440273083;img387.png
38882.473631041;img388.png
38882.506989;img389.png
38882.540346791;img390.png
38882.57370475;img391.png
38882.607062625;img392.png
38882.6404205;img393.png
38882.673778541;img394.png
38882.707136375;img395.png
38882.740494208;img396.png
38882.773852208;img397.png
38882.807209916;img398.png
38882.840567916;img399.png
38882.873925833;img400.png
38882.907283625;img401.png
38882.94064175;img402.png
38882.973999583;img403.png
38883.007357416;img404.png
38883.040715291;img405.png
38883.074073166;img406.png
38883.107431125;img407.png
38883.140789041;img408.png
38883.174146958;img409.png
38883.207504875;img410.png
38883.240862708;img411.png
38883.274220625;img412.png
38883.3075785;img413.png
38883.340936458;img414.png
38883.374294416;img415.png
38883.407652208;img416.png
38883.441010166;img417.png
38883.474368041;img418.png
38883.507725833;img419.png
38883.541083833;img420.png
38883.574441625;img421.png
38883.60779975;img422.png
38883.641157583;img423.png
38883.674515291;img424.png
38883.707873333;img425.png
38883.741231166;img426.png
38883.774589166;img427.png
38883.807947041;img428.png
38883.841304916;img429.png
38883.874662833;img430.png
38883.908020583;img431.png
38883.94137875;img432.png
38883.974736541;img433.png
38884.008094333;img434.png
38884.041452333;img435.png
38884.074810125;img436.png
38884.108168166;img437.png
38884.141526;img438.png
38884.174883875;img439.png
38884.208241791;img440.png
38884.241599666;img441.png
38884.274957583;img442.png
38884.3083155;img443.png
38884.34167325;img444.png
38884.375031375;img445.png
38884.408389166;img446.png
38884.441746958;img447.png
38884.475105083;img448.png
38884.508462791;img449.png
38884.541820916;img450.png
38884.57517875;img451.png
38884.6085365;img452.png
38884.6418945;img453.png
38884.675252416;img454.png
38884.708610416;img455.png
38884.741968208;img456.png
38884.775326;img457.png
38884.808684;img458.png
38884.84204175;img459.png
38884.875399791;img460.png
38884.908757708;img461.png
38884.942115458;img462.png
38884.975473458;img463.png
38885.008831375;img464.png
38885.042189291;img465.png
38885.075547166;img466.png
38885.108905041;img467.png
38885.142263041;img468.png
38885.17562075;img469.png
38885.208978708;img470.png
38885.242336708;img471.png
38885.275694541;img472.png
38885.309052458;img473.png
38885.342410416;img474.png
38885.375768333;img475.png
38885.409126125;img476.png
38885.442484;img477.png
38885.475842;img478.png
38885.509199875;img479.png
38885.542557875;img480.png
38885.575915625;img481.png
38885.609273541;img482.png
38885.642631583;img483.png
38885.675989416;img484.png
38885.709347166;img485.png
38885.742705208;img486.png
38885.776062916;img487.png
38885.809421083;img488.png
38885.842778875;img489.png
38885.876136708;img490.png
38885.909494708;img491.png
38885.942852583;img492.png
38885.9762105;img493.png
38886.009568375;img494.png
38886.042926166;img495.png
38886.076284166;img496.png
38886.109641958;img497.png
38886.143;img498.png
38886.176357875;img499.png
38886.209715666;img500.png
38886.243073625;img501.png
38886.2764315;img502.png
38886.309789416;img503.png
38886.343147375;img504.png
38886.376505208;img505.png
38886.409863208;img506.png
38886.443220958;img507.png
38886.476579041;img508.png
38886.509936916;img509.png
38886.543294625;img510.png
38886.576652708;img511.png
38886.6100105;img512.png
38886.643368541;img513.png
38886.676726333;img514.png
38886.71008425;img515.png
38886.743442125;img516.png
38886.776799958;img517.png
38886.810157958;img518.png
38886.843515916;img519.png
38886.876873625;img520.png
38886.910231583;img521.png
38886.943589458;img522.png
38886.976947416;img523.png
38887.010305291;img524.png
38887.043663083;img525.png
38887.077021125;img526.png
38887.110379041;img527.png
38887.143736833;img528.png
38887.177094916;img529.png
38887.210452708;img530.png
38887.243810666;img531.png
38887.277168458;img532.png
38887.310526458;img533.png
38887.343884333;img534.png
38887.377242125;img535.png
38887.410600166;img536.png
38887.443958041;img537.png
38887.477315791;img538.png
38887.510673916;img539.png
38887.54403175;img540.png
38887.577389625;img541.png
38887.610747583;img542.png
38887.644105375;img543.png
38887.677463291;img544.png
38887.71082125;img545.png
38887.74417925;img546.png
38887.777537083;img547.png
38887.810894875;img548.png
38887.844252875;img549.png
38887.877610625;img550.png
38887.9109685;img551.png
38887.944326416;img552.png
38887.977684333;img553.png
38888.011042416;img554.png
38888.044400166;img555.png
38888.077758041;img556.png
38888.111115958;img557.png
38888.14447375;img558.png
38888.177831916;img559.png
38888.211189666;img560.png
38888.244547458;img561.png
38888.2779055;img562.png
38888.311263333;img563.png
38888.344621291;img564.png
38888.377979166;img565.png
38888.411337041;img566.png
38888.444695041;img567.png
38888.478052791;img568.png
38888.511410875;img569.png
38888.544768708;img570.png
38888.578126541;img571.png
38888.6114845;img572.png
38888.644842416;img573.png
38888.678200083;img574.png
38888.711558125;img575.png
38888.744915958;img576.png
38888.778274041;img577.png
38888.811631875;img578.png
38888.844989666;img579.png
38888.87834775;img580.png
38888.911705583;img581.png
38888.945063458;img582.png
38888.978421333;img583.png
38889.011779166;img584.png
38889.045137166;img585.png
38889.078494958;img586.png
38889.111852916;img587.png
38889.14521075;img588.png
38889.178568833;img589.png
38889.211926583;img590.png
38889.245284583;img591.png
38889.2786425;img592.png
38889.312000291;img593.png
38889.345358125;img594.png
38889.378716125;img595.png
38889.412073958;img596.png
38889.445432;img597.png
38889.478789833;img598.png
38889.512147666;img599.png
38889.54550575;img600.png
38889.5788635;img601.png
38889.612221416;img602.png
38889.645579291;img603.png
38889.678937125;img604.png
38889.71229525;img605.png
38889.745652916;img606.png
38889.779011041;img607.png
38889.812368875;img608.png
38889.845726666;img609.png
38889.879084708;img610.png
38889.912442541;img611.png
38889.945800541;img612.png
38889.979158416;img613.png
38890.01251625;img614.png
38890.045874166;img615.png
38890.079232041;img616.png
38890.112589833;img617.png
38890.145947791;img618.png
38890.179305708;img619.png
38890.212663708;img620.png
38890.2460215;img621.png
38890.279379291;img622.png
38890.312737375;img623.png
38890.346095166;img624.png
38890.379453;img625.png
38890.412810958;img626.png
38890.446169041;img627.png
38890.479526916;img628.png
38890.512884625;img629.png
38890.546242666;img630.png
38890.579600458;img631.png
38890.612958375;img632.png
38890.64631625;img633.png
38890.679674166;img634.png
38890.713032083;img635.png
38890.746390041;img636.png
38890.77974775;img637.png
38890.81310575;img638.png
38890.846463583;img639.png
38890.87982175;img640.png
38890.913179541;img641.png
38890.946537333;img642.png
38890.979895291;img643.png
38891.01325325;img644.png
38891.046611083;img645.png
38891.079969041;img646.png
38891.11332675;img647.png
38891.14668475;img648.png
38891.180042625;img649.png
38891.213400666;img650.png
38891.246758458;img651.png
38891.280116416;img652.png
38891.313474375;img653.png
38891.346832125;img654.png
38891.380190083;img655.png
38891.413548041;img656.png
38891.446905875;img657.png
38891.480263875;img658.png
38891.513621666;img659.png
38891.546979458;img660.png
38891.580337541;img661.png
38891.613695333;img662.png
38891.647053291;img663.png
38891.680411208;img664.png
38891.713769;img665.png
38891.747127041;img666.png
38891.780484791;img667.png
38891.813842833;img668.png
38891.847200708;img669.png
38891.880558416;img670.png
38891.913916416;img671.png
38891.94727425;img672.png
38891.980632333;img673.png
38892.013990208;img674.png
38892.047348;img675.png
38892.080706083;img676.png
38892.114063791;img677.png
38892.147421916;img678.png
38892.180779708;img679.png
38892.214137583;img680.png
38892.247495458;img681.png
38892.280853416;img682.png
38892.314211208;img683.png
38892.347569083;img684.png
38892.380926958;img685.png
38892.414284916;img686.png
38892.447642916;img687.png
38892.481000875;img688.png
38892.514358583;img689.png
38892.547716583;img690.png
38892.581074333;img691.png
38892.614432375;img692.png
38892.647790125;img693.png
38892.681148125;img694.png
38892.714505916;img695.png
38892.74786375;img696.png
38892.781221791;img697.png
38892.814579833;img698.png
38892.847937625;img699.png
38892.8812955;img700.png
38892.9146535;img701.png
38892.94801125;img702.png
38892.981369166;img703.png
38893.014727166;img704.png
38893.048085;img705.png
38893.081443083;img706.png
38893.114800833;img707.png
38893.148158666;img708.png
38893.181516708;img709.png
38893.214874583;img710.png
38893.2482325;img711.png
38893.281590333;img712.png
38893.314948208;img713.png
38893.34830625;img714.png
38893.381664;img715.png
38893.415022083;img716.png
38893.448379791;img717.png
38893.481737625;img718.png
38893.515095708;img719.png
38893.548453541;img720.png
38893.581811416;img721.png
38893.615169291;img722.png
38893.648527083;img723.png
38893.681885166;img724.png
38893.715243041;img725.png
38893.748600875;img726.png
38893.78195875;img727.png
38893.815316708;img728.png
38893.848674708;img729.png
38893.882032583;img730.png
38893.915390333;img731.png
38893.948748375;img732.png
38893.982106208;img733.png
38894.015464;img734.png
38894.048821958;img735.png
38894.082179791;img736.png
38894.115537791;img737.png
38894.148895625;img738.png
38894.182253541;img739.png
38894.215611583;img740.png
38894.24896925;img741.png
38894.282327333;img742.png
38894.315685208;img743.png
38894.349043;img744.png
38894.382401083;img745.png
38894.415758875;img746.png
38894.449116916;img747.png
38894.482474708;img748.png
38894.515832458;img749.png
38894.549190458;img750.png
38894.582548333;img751.png
38894.615906333;img752.png
38894.649264166;img753.png
38894.682621958;img754.png
38894.715979958;img755.png
38894.74933775;img756.png
38894.782695875;img757.png
38894.816053666;img758.png
38894.849411541;img759.png
38894.882769416;img760.png
38894.91612725;img761.png
38894.949485125;img762.png
38894.98284325;img763.png
38895.016200958;img764.png
38895.049559083;img765.png
38895.082916875;img766.png
38895.11627475;img767.png
38895.149632666;img768.png
38895.182990416;img769.png
38895.2163485;img770.png
38895.249706375;img771.png
38895.283064333;img772.png
38895.316422166;img773.png
38895.349779958;img774.png
38895.383138;img775.png
38895.416495791;img776.png
38895.449853666;img777.png
38895.483211708;img778.png
38895.516569541;img779.png
38895.549927583;img780.png
38895.583285333;img781.png
38895.616643375;img782.png
38895.650001208;img783.png
38895.683359083;img784.png
38895.716717;img785.png
38895.750074833;img786.png
38895.783432583;img787.png
38895.816790666;img788.png
38895.850148458;img789.png
38895.883506458;img790.png
38895.916864416;img791.png
38895.950222041;img792.png
38895.983580125;img793.png
38896.016938083;img794.png
38896.050296;img795.png
38896.083653791;img796.png
38896.117011625;img797.png
38896.150369625;img798.png
38896.183727416;img799.png
38896.21708525;img800.png
38896.250443291;img801.png
38896.283801125;img802.png
38896.317159166;img803.png
38896.350517;img804.png
38896.383874958;img805.png
38896.417232791;img806.png
38896.450590625;img807.png
38896.483948666;img808.png
38896.517306458;img809.png
38896.550664458;img810.png
38896.58402225;img811.png
38896.617380083;img812.png
38896.650738125;img813.png
38896.684095916;img814.png
38896.717453791;img815.png
38896.75081175;img816.png
38896.784169583;img817.png
38896.817527708;img818.png
38896.850885541;img819.png
38896.884243333;img820.png
38896.917601333;img821.png
38896.950959125;img822.png
38896.984317166;img823.png
38897.017675041;img824.png
38897.051032875;img825.png
38897.084390833;img826.png
38897.117748583;img827.png
38897.151106583;img828.png
38897.1844645;img829.png
38897.217822375;img830.png
38897.251180375;img831.png
38897.284538125;img832.png
38897.317896166;img833.png
38897.351254083;img834.png
38897.384611875;img835.png
38897.417969833;img836.png
38897.451327666;img837.png
38897.484685625;img838.png
38897.518043541;img839.png
38897.551401291;img840.png
38897.58475925;img841.png
38897.618117208;img842.png
38897.651474958;img843.png
38897.684833;img844.png
38897.718190791;img845.png
38897.751548791;img846.png
38897.784906708;img847.png
38897.8182645;img848.png
38897.851622541;img849.png
38897.884980333;img850.png
38897.91833825;img851.png
38897.951696083;img852.png
38897.985053916;img853.png
38898.018412041;img854.png
38898.051769875;img855.png
38898.085127708;img856.png
38898.118485708;img857.png
38898.15184375;img858.png
38898.185201458;img859.png
38898.218559291;img860.png
38898.25191725;img861.png
38898.285275166;img862.png
38898.318632958;img863.png
38898.351990916;img864.png
38898.38534875;img865.png
38898.418706833;img866.png
38898.452064708;img867.png
38898.485422541;img868.png
38898.518780458;img869.png
38898.552138416;img870.png
38898.58549625;img871.png
38898.618854083;img872.png
38898.652212041;img873.png
38898.68557;img874.png
38898.71892775;img875.png
38898.752285791;img876.png
38898.785643666;img877.png
38898.8190015;img878.png
38898.852359583;img879.png
38898.885717416;img880.png
38898.919075125;img881.png
38898.952433125;img882.png
38898.985791041;img883.png
38899.019148916;img884.png
38899.052506791;img885.png
38899.08586475;img886.png
38899.119222708;img887.png
38899.1525805;img888.png
38899.185938583;img889.png
38899.219296333;img890.png
38899.252654166;img891.png
38899.286012208;img892.png
38899.319369958;img893.png
38899.352728041;img894.png
38899.386085791;img895.png
38899.41944375;img896.png
38899.452801708;img897.png
38899.4861595;img898.png
38899.519517583;img899.png
38899.552875333;img900.png
38899.586233166;img901.png
38899.619591208;img902.png
38899.652949083;img903.png
38899.686306791;img904.png
38899.719664916;img905.png
38899.753022708;img906.png
38899.786380625;img907.png
38899.819738458;img908.png
38899.853096375;img909.png
38899.886454291;img910.png
38899.919812125;img911.png
38899.953170208;img912.png
38899.986528;img913.png
38900.019886041;img914.png
38900.053243791;img915.png
38900.086601583;img916.png
38900.119959583;img917.png
38900.153317458;img918.png
38900.186675333;img919.png
38900.220033416;img920.png
38900.253391166;img921.png
38900.286749125;img922.png
38900.320106958;img923.png
38900.353464916;img924.png
38900.386822875;img925.png
38900.420180625;img926.png
38900.453538583;img927.png
38900.486896583;img928.png
38900.520254291;img929.png
38900.553612375;img930.png
38900.586970125;img931.png
38900.620328166;img932.png
38900.653685958;img933.png
38900.687043791;img934.png
38900.720401875;img935.png
38900.753759625;img936.png
38900.78711775;img937.png
38900.820475416;img938.png
38900.853833375;img939.png
38900.887191375;img940.png
38900.920549166;img941.png
38900.953907208;img942.png
38900.987265;img943.png
38901.020622875;img944.png
38901.053980916;img945.png
38901.08733875;img946.png
38901.120696583;img947.png
38901.1540545;img948.png
38901.187412375;img949.png
38901.220770416;img950.png
38901.254128166;img951.png
38901.287486083;img952.png
38901.320844041;img953.png
38901.354201833;img954.png
38901.38755975;img955.png
38901.420917625;img956.png
38901.454275541;img957.png
38901.487633541;img958.png
38901.520991333;img959.png
38901.554349416;img960.png
38901.587707208;img961.png
38901.621064958;img962.png
38901.654423041;img963.png
38901.687780875;img964.png
38901.721138708;img965.png
38901.754496666;img966.png
38901.787854583;img967.png
38901.821212541;img968.png
38901.854570291;img969.png
38901.887928125;img970.png
38901.92128625;img971.png
38901.954644041;img972.png
38901.988001916;img973.png
38902.021359791;img974.png
38902.054717666;img975.png
38902.088075625;img976.png
38902.121433541;img977.png
38902.154791583;img978.png
38902.188149291;img979.png
38902.221507166;img980.png
38902.254865166;img981.png
38902.288223;img982.png
38902.321581041;img983.png
38902.354938791;img984.png
38902.388296708;img985.png
38902.421654708;img986.png
38902.455012541;img987.png
38902.488370458;img988.png
38902.521728375;img989.png
38902.555086125;img990.png
38902.58844425;img991.png
38902.621801958;img992.png
38902.655160041;img993.png
38902.688517791;img994.png
38902.721875666;img995.png
38902.755233625;img996.png
38902.788591541;img997.png
38902.821949333;img998.png
38902.855307375;img999.png
38902.888665083;img1000.png
38902.922023208;img1001.png
38902.955381083;img1002.png
38902.988738875;img1003.png
38903.022096833;img1004.png
38903.05545475;img1005.png
38903.088812666;img1006.png
38903.1221705;img1007.png
38903.155528541;img1008.png
38903.188886291;img1009.png
38903.222244125;img1010.png
38903.25560225;img1011.png
38903.288959916;img1012.png
38903.322317958;img1013.png
38903.355675833;img1014.png
38903.389033708;img1015.png
38903.422391666;img1016.png
38903.455749416;img1017.png
38903.489107333;img1018.png
38903.522465333;img1019.png
38903.555823208;img1020.png
38903.58918125;img1021.png
38903.622538958;img1022.png
38903.655896791;img1023.png
38903.68925475;img1024.png
38903.722612708;img1025.png
38903.75597075;img1026.png
38903.789328541;img1027.png
38903.822686375;img1028.png
38903.856044333;img1029.png
38903.889402125;img1030.png
38903.922760166;img1031.png
38903.956118041;img1032.png
38903.989475833;img1033.png
38904.022833916;img1034.png
38904.056191666;img1035.png
38904.089549708;img1036.png
38904.122907458;img1037.png
38904.156265291;img1038.png
38904.189623333;img1039.png
38904.222981208;img1040.png
38904.256339083;img1041.png
38904.289696958;img1042.png
38904.323054833;img1043.png
38904.356412833;img1044.png
38904.389770666;img1045.png
38904.423128541;img1046.png
38904.456486583;img1047.png
38904.489844375;img1048.png
38904.523202333;img1049.png
38904.55656025;img1050.png
38904.589918083;img1051.png
38904.623276041;img1052.png
38904.656633875;img1053.png
38904.689991875;img1054.png
38904.723349625;img1055.png
38904.756707416;img1056.png
38904.790065541;img1057.png
38904.823423333;img1058.png
38904.856781291;img1059.png
38904.890139125;img1060.png
38904.923496958;img1061.png
38904.956855;img1062.png
38904.990212833;img1063.png
38905.023570833;img1064.png
38905.056928666;img1065.png
38905.090286458;img1066.png
38905.1236445;img1067.png
38905.157002333;img1068.png
38905.190360416;img1069.png
38905.22371825;img1070.png
38905.257076083;img1071.png
38905.290434;img1072.png
38905.323791833;img1073.png
38905.357149666;img1074.png
38905.390507666;img1075.png
38905.423865416;img1076.png
38905.457223416;img1077.png
38905.490581291;img1078.png
38905.523939125;img1079.png
38905.557297208;img1080.png
38905.590655041;img1081.png
38905.624013041;img1082.png
38905.657370875;img1083.png
38905.690728708;img1084.png
38905.724086708;img1085.png
38905.7574445;img1086.png
38905.790802583;img1087.png
38905.824160291;img1088.png
38905.857518166;img1089.png
38905.890876083;img1090.png
38905.924234041;img1091.png
38905.957591916;img1092.png
38905.990949833;img1093.png
38906.024307708;img1094.png
38906.05766575;img1095.png
38906.091023541;img1096.png
38906.1243815;img1097.png
38906.157739416;img1098.png
38906.19109725;img1099.png
38906.22445525;img1100.png
38906.257812958;img1101.png
38906.291170916;img1102.png
38906.324528875;img1103.png
38906.357886666;img1104.png
38906.39124475;img1105.png
38906.424602458;img1106.png
38906.457960333;img1107.png
38906.491318333;img1108.png
38906.524676125;img1109.png
38906.558034125;img1110.png
38906.591391958;img1111.png
38906.624749875;img1112.png
38906.658107791;img1113.png
38906.691465666;img1114.png
38906.724823666;img1115.png
38906.758181583;img1116.png
38906.791539333;img1117.png
38906.824897333;img1118.png
38906.858255125;img1119.png
38906.891613166;img1120.png
38906.924971;img1121.png
38906.958328833;img1122.png
38906.991686875;img1123.png
38907.02504475;img1124.png
38907.058402708;img1125.png
38907.091760541;img1126.png
38907.125118375;img1127.png
38907.158476291;img1128.png
38907.191834125;img1129.png
38907.22519225;img1130.png
38907.258549958;img1131.png
38907.291907833;img1132.png
38907.325265916;img1133.png
38907.358623666;img1134.png
38907.391981541;img1135.png
38907.425339583;img1136.png
38907.458697291;img1137.png
38907.49205525;img1138.png
38907.525413125;img1139.png
38907.558771125;img1140.png
38907.592129083;img1141.png
38907.625486916;img1142.png
38907.658844791;img1143.png
38907.69220275;img1144.png
38907.725560583;img1145.png
38907.758918583;img1146.png
38907.792276333;img1147.png
38907.825634375;img1148.png
38907.858992125;img1149.png
38907.89235;img1150.png
38907.925708;img1151.png
38907.959065833;img1152.png
38907.992423833;img1153.png
38908.02578175;img1154.png
38908.0591395;img1155.png
38908.092497541;img1156.png
38908.125855375;img1157.png
38908.159213291;img1158.png
38908.192571208;img1159.png
38908.225929;img1160.png
38908.259287;img1161.png
38908.292644833;img1162.png
38908.326002875;img1163.png
38908.35936075;img1164.png
38908.3927185;img1165.png
38908.4260765;img1166.png
38908.459434333;img1167.png
38908.49279225;img1168.png
38908.52615025;img1169.png
38908.559508;img1170.png
38908.592866;img1171.png
38908.626223916;img1172.png
38908.659581625;img1173.png
38908.692939583;img1174.png
38908.726297541;img1175.png
38908.7596555;img1176.png
38908.793013333;img1177.png
38908.826371166;img1178.png
38908.859729208;img1179.png
38908.893087;img1180.png
38908.926445041;img1181.png
38908.959802875;img1182.png
38908.993160625;img1183.png
38909.026518708;img1184.png
38909.059876416;img1185.png
38909.093234458;img1186.png
38909.126592333;img1187.png
38909.159950208;img1188.png
38909.193308208;img1189.png
38909.226666;img1190.png
38909.260024041;img1191.png
38909.293381916;img1192.png
38909.326739708;img1193.png
38909.360097666;img1194.png
38909.393455458;img1195.png
38909.426813541;img1196.png
38909.46017125;img1197.png
38909.493529166;img1198.png
38909.526887166;img1199.png
38909.560245;img1200.png
38909.593602833;img1201.png
38909.626960916;img1202.png
38909.660318708;img1203.png
38909.693676666;img1204.png
38909.727034416;img1205.png
38909.760392333;img1206.png
38909.793750291;img1207.png
38909.827108208;img1208.png
38909.860466208;img1209.png
38909.893824041;img1210.png
38909.927181833;img1211.png
38909.960539833;img1212.png
38909.993897625;img1213.png
38910.027255625;img1214.png
38910.0606135;img1215.png
38910.09397125;img1216.png
38910.127329291;img1217.png
38910.160687166;img1218.png
38910.194045208;img1219.png
38910.227402916;img1220.png
38910.260760916;img1221.png
38910.294118791;img1222.png
38910.32747675;img1223.png
38910.360834666;img1224.png
38910.3941925;img1225.png
38910.427550416;img1226.png
38910.460908375;img1227.png
38910.494266125;img1228.png
38910.527624;img1229.png
38910.560981958;img1230.png
38910.59433975;img1231.png
38910.62769775;img1232.png
38910.661055708;img1233.png
38910.694413583;img1234.png
38910.727771541;img1235.png
38910.761129291;img1236.png
38910.794487375;img1237.png
38910.827845166;img1238.png
38910.861203125;img1239.png
38910.894560958;img1240.png
38910.927918833;img1241.png
38910.961276875;img1242.png
38910.994634708;img1243.png
38911.027992541;img1244.png
38911.061350541;img1245.png
38911.09470825;img1246.png
38911.128066333;img1247.png
38911.161424125;img1248.png
38911.194782083;img1249.png
38911.228140083;img1250.png
38911.261497791;img1251.png
38911.294855833;img1252.png
38911.328213708;img1253.png
38911.361571458;img1254.png
38911.394929541;img1255.png
38911.42828725;img1256.png
38911.461645375;img1257.png
38911.495003166;img1258.png
38911.528361041;img1259.png
38911.561719083;img1260.png
38911.595076875;img1261.png
38911.628434875;img1262.png
38911.661792625;img1263.png
38911.695150583;img1264.png
38911.7285085;img1265.png
38911.761866291;img1266.png
38911.795224416;img1267.png
38911.828582208;img1268.png
38911.861939916;img1269.png
38911.895298041;img1270.png
38911.928655833;img1271.png
38911.962013875;img1272.png
38911.99537175;img1273.png
38912.028729541;img1274.png
38912.062087458;img1275.png
38912.095445416;img1276.png
38912.16216125;img1277.png
38912.195519083;img1278.png
38912.228876916;img1279.png
38912.262234833;img1280.png
38912.295592583;img1281.png
38912.328950625;img1282.png
38912.362308541;img1283.png
38912.395666458;img1284.png
38912.429024416;img1285.png
38912.462382166;img1286.png
38912.495740166;img1287.png
38912.529097958;img1288.png
38912.562455958;img1289.png
38912.595813875;img1290.png
38912.62917175;img1291.png
38912.662529583;img1292.png
38912.695887416;img1293.png
38912.729245541;img1294.png
38912.76260325;img1295.png
38912.795961166;img1296.png
38912.829319125;img1297.png
38912.862676958;img1298.png
38912.896034791;img1299.png
38912.929392916;img1300.png
38912.962750666;img1301.png
38912.996108625;img1302.png
38913.029466541;img1303.png
38913.062824291;img1304.png
38913.09618225;img1305.png
38913.129540208;img1306.png
38913.16289825;img1307.png
38913.196256041;img1308.png
38913.229613791;img1309.png
38913.262971791;img1310.png
38913.296329666;img1311.png
38913.329687666;img1312.png
38913.363045458;img1313.png
38913.396403541;img1314.png
38913.429761416;img1315.png
38913.463119083;img1316.png
38913.496477083;img1317.png
38913.529835;img1318.png
38913.563192875;img1319.png
38913.596550791;img1320.png
38913.629908708;img1321.png
38913.663266708;img1322.png
38913.696624541;img1323.png
38913.729982333;img1324.png
38913.76334025;img1325.png
38913.796698083;img1326.png
38913.830055916;img1327.png
38913.863413958;img1328.png
38913.896771833;img1329.png
38913.930129875;img1330.png
38913.963487625;img1331.png
38913.996845666;img1332.png
38914.030203458;img1333.png
38914.063561291;img1334.png
38914.096919291;img1335.png
38914.130277208;img1336.png
38914.163635;img1337.png
38914.196992916;img1338.png
38914.230350875;img1339.png
38914.263708833;img1340.png
38914.297066583;img1341.png
38914.330424583;img1342.png
38914.363782458;img1343.png
38914.397140375;img1344.png
38914.430498333;img1345.png
38914.463856125;img1346.png
38914.497214208;img1347.png
38914.530572041;img1348.png
38914.563929916;img1349.png
38914.59728775;img1350.png
38914.63064575;img1351.png
38914.664003666;img1352.png
38914.697361416;img1353.png
38914.730719375;img1354.png
38914.764077291;img1355.png
38914.797435125;img1356.png
38914.830793041;img1357.png
38914.864150958;img1358.png
38914.897508875;img1359.png
38914.930866916;img1360.png
38914.964224666;img1361.png
38914.9975825;img1362.png
38915.030940458;img1363.png
38915.064298416;img1364.png
38915.097656333;img1365.png
38915.131014166;img1366.png
38915.164372;img1367.png
38915.197729916;img1368.png
38915.231087791;img1369.png
38915.264445791;img1370.png
38915.297803583;img1371.png
38915.3311615;img1372.png
38915.364519541;img1373.png
38915.397877333;img1374.png
38915.431235125;img1375.png
38915.464593166;img1376.png
38915.497950958;img1377.png
38915.531309041;img1378.png
38915.564666875;img1379.png
38915.598024583;img1380.png
38915.631382708;img1381.png
38915.664740541;img1382.png
38915.6980985;img1383.png
38915.731456291;img1384.png
38915.764814083;img1385.png
38915.798172083;img1386.png
38915.83153;img1387.png
38915.864888;img1388.png
38915.898245875;img1389.png
38915.931603708;img1390.png
38915.96496175;img1391.png
38915.998319541;img1392.png
38916.031677583;img1393.png
38916.065035375;img1394.png
38916.09839325;img1395.png
38916.131751083;img1396.png
38916.165109083;img1397.png
38916.198466875;img1398.png
38916.231824833;img1399.png
38916.265182708;img1400.png
38916.298540708;img1401.png
38916.331898416;img1402.png
38916.3652565;img1403.png
38916.398614375;img1404.png
38916.431972125;img1405.png
38916.465330208;img1406.png
38916.498687958;img1407.png
38916.532046041;img1408.png
38916.565403833;img1409.png
38916.598761666;img1410.png
38916.632119625;img1411.png
38916.6654775;img1412.png
38916.698835541;img1413.png
38916.732193375;img1414.png
38916.765551166;img1415.png
38916.798909208;img1416.png
38916.832266958;img1417.png
38916.865624833;img1418.png
38916.898982916;img1419.png
38916.932340583;img1420.png
38916.965698583;img1421.png
38916.999056458;img1422.png
38917.032414375;img1423.png
38917.065772291;img1424.png
38917.099130208;img1425.png
38917.132488083;img1426.png
38917.165846;img1427.png
38917.199203791;img1428.png
38917.232561833;img1429.png
38917.265919666;img1430.png
38917.299277625;img1431.png
38917.332635458;img1432.png
38917.365993333;img1433.png
38917.399351416;img1434.png
38917.432709208;img1435.png
38917.466066958;img1436.png
38917.499424958;img1437.png
38917.532782875;img1438.png
38917.566140875;img1439.png
38917.599498708;img1440.png
38917.632856458;img1441.png
38917.666214583;img1442.png
38917.699572333;img1443.png
38917.73293025;img1444.png
38917.766288208;img1445.png
38917.799646166;img1446.png
38917.833004;img1447.png
38917.866361791;img1448.png
38917.899719833;img1449.png
38917.933077708;img1450.png
38917.9664355;img1451.png
38917.999793416;img1452.png
38918.033151375;img1453.png
38918.066509291;img1454.png
38918.099867166;img1455.png
38918.133224916;img1456.png
38918.166583041;img1457.png
38918.199940833;img1458.png
38918.233298791;img1459.png
38918.266656625;img1460.png
38918.300014458;img1461.png
38918.333372458;img1462.png
38918.366730291;img1463.png
38918.40008825;img1464.png
38918.433446166;img1465.png
38918.466803958;img1466.png
38918.500162041;img1467.png
38918.533519791;img1468.png
38918.566877875;img1469.png
38918.600235708;img1470.png
38918.633593541;img1471.png
38918.6669515;img1472.png
38918.700309291;img1473.png
38918.733667166;img1474.png
38918.767025166;img1475.png
38918.800383;img1476.png
38918.833741;img1477.png
38918.867098916;img1478.png
38918.900456708;img1479.png
38918.933814708;img1480.png
38918.967172583;img1481.png
38919.000530291;img1482.png
38919.033888375;img1483.png
38919.067246208;img1484.png
38919.100604208;img1485.png
38919.133962041;img1486.png
38919.167319958;img1487.png
38919.200677791;img1488.png
38919.234035708;img1489.png
38919.267393666;img1490.png
38919.300751583;img1491.png
38919.334109375;img1492.png
38919.367467333;img1493.png
38919.40082525;img1494.png
38919.434183125;img1495.png
38919.467541083;img1496.png
38919.500898958;img1497.png
38919.534256833;img1498.png
38919.567614708;img1499.png
38919.600972583;img1500.png
38919.634330458;img1501.png
38919.667688541;img1502.png
38919.701046416;img1503.png
38919.734404166;img1504.png
38919.767762166;img1505.png
38919.801120041;img1506.png
38919.834477875;img1507.png
38919.867835791;img1508.png
38919.901193708;img1509.png
38919.934551625;img1510.png
38919.967909541;img1511.png
38920.001267375;img1512.png
38920.034625333;img1513.png
38920.067983166;img1514.png
38920.101341125;img1515.png
38920.134699041;img1516.png
38920.168056875;img1517.png
38920.201414833;img1518.png
38920.234772625;img1519.png
38920.268130666;img1520.png
38920.301488541;img1521.png
38920.334846291;img1522.png
38920.368204291;img1523.png
38920.401562125;img1524.png
38920.43492025;img1525.png
38920.468278041;img1526.png
38920.501635833;img1527.png
38920.534993833;img1528.png
38920.568351666;img1529.png
38920.6017095;img1530.png
38920.6350675;img1531.png
38920.668425416;img1532.png
38920.701783416;img1533.png
38920.735141083;img1534.png
38920.768499125;img1535.png
38920.801857;img1536.png
38920.835214875;img1537.png
38920.868572833;img1538.png
38920.901930625;img1539.png
38920.935288583;img1540.png
38920.968646458;img1541.png
38921.002004333;img1542.png
38921.035362291;img1543.png
38921.068720125;img1544.png
38921.102077958;img1545.png
38921.135436041;img1546.png
38921.168793833;img1547.png
38921.202151875;img1548.png
38921.235509625;img1549.png
38921.268867666;img1550.png
38921.302225583;img1551.png
38921.335583333;img1552.png
38921.368941333;img1553.png
38921.402299208;img1554.png
38921.435657208;img1555.png
38921.469015;img1556.png
38921.502372833;img1557.png
38921.535730875;img1558.png
38921.569088708;img1559.png
38921.602446541;img1560.png
38921.635804458;img1561.png
38921.669162291;img1562.png
38921.702520291;img1563.png
38921.73587825;img1564.png
38921.769235958;img1565.png
38921.802593958;img1566.png
38921.835951875;img1567.png
38921.869309708;img1568.png
38921.902667708;img1569.png
38921.936025458;img1570.png
38921.969383583;img1571.png
38922.002741291;img1572.png
38922.036099125;img1573.png
38922.069457208;img1574.png
38922.102815041;img1575.png
38922.136173;img1576.png
38922.169530916;img1577.png
38922.202888833;img1578.png
38922.236246583;img1579.png
38922.2696045;img1580.png
38922.3029625;img1581.png
38922.336320416;img1582.png
38922.369678125;img1583.png
38922.403036125;img1584.png
38922.436394041;img1585.png
38922.469752;img1586.png
38922.503109791;img1587.png
38922.536467583;img1588.png
38922.56982575;img1589.png
38922.603183458;img1590.png
38922.636541458;img1591.png
38922.669899291;img1592.png
38922.703257125;img1593.png
38922.736615208;img1594.png
38922.769972958;img1595.png
38922.803331041;img1596.png
38922.83668875;img1597.png
38922.870046708;img1598.png
38922.903404625;img1599.png
38922.936762541;img1600.png
38922.970120541;img1601.png
38923.003478333;img1602.png
38923.036836166;img1603.png
38923.070194166;img1604.png
38923.103552041;img1605.png
38923.13690975;img1606.png
38923.170267916;img1607.png
38923.20362575;img1608.png
38923.236983666;img1609.png
38923.2703415;img1610.png
38923.30369925;img1611.png
38923.337057375;img1612.png
38923.370415166;img1613.png
38923.40377325;img1614.png
38923.437131041;img1615.png
38923.470488833;img1616.png
38923.503846833;img1617.png
38923.537204708;img1618.png
38923.570562375;img1619.png
38923.603920583;img1620.png
38923.637278416;img1621.png
38923.67063625;img1622.png
38923.703994208;img1623.png
38923.737351958;img1624.png
38923.770710041;img1625.png
38923.804067833;img1626.png
38923.837425916;img1627.png
38923.870783708;img1628.png
38923.904141625;img1629.png
38923.937499416;img1630.png
38923.970857291;img1631.png
38924.00421525;img1632.png
38924.037573166;img1633.png
38924.070930958;img1634.png
38924.104288916;img1635.png
38924.137646833;img1636.png
38924.171004791;img1637.png
38924.204362708;img1638.png
38924.237720458;img1639.png
38924.271078458;img1640.png
38924.304436416;img1641.png
38924.337794291;img1642.png
38924.371152208;img1643.png
38924.404509916;img1644.png
38924.437867916;img1645.png
38924.471225916;img1646.png
38924.504583875;img1647.png
38924.537941666;img1648.png
38924.571299458;img1649.png
38924.604657583;img1650.png
38924.638015416;img1651.png
38924.671373333;img1652.png
38924.704731125;img1653.png
38924.738088958;img1654.png
38924.771447;img1655.png
38924.80480475;img1656.png
38924.838162833;img1657.png
38924.871520583;img1658.png
38924.9048785;img1659.png
38924.9382365;img1660.png
38924.97159425;img1661.png
38925.004952333;img1662.png
38925.038310208;img1663.png
38925.071667958;img1664.png
38925.105026041;img1665.png
38925.138383875;img1666.png
38925.171741833;img1667.png
38925.205099708;img1668.png
38925.2384575;img1669.png
38925.271815541;img1670.png
38925.305173333;img1671.png
38925.338531125;img1672.png
38925.371889208;img1673.png
38925.405246958;img1674.png
38925.438605041;img1675.png
38925.47196275;img1676.png
38925.505320916;img1677.png
38925.53867875;img1678.png
38925.572036583;img1679.png
38925.605394583;img1680.png
38925.63875225;img1681.png
38925.672110208;img1682.png
38925.705468166;img1683.png
38925.738825958;img1684.png
38925.772183791;img1685.png
38925.805541875;img1686.png
38925.838899708;img1687.png
38925.872257625;img1688.png
38925.9056155;img1689.png
38925.938973416;img1690.png
38925.97233125;img1691.png
38926.005689125;img1692.png
38926.039047125;img1693.png
38926.072405;img1694.png
38926.105762791;img1695.png
38926.139120791;img1696.png
38926.172478583;img1697.png
38926.205836708;img1698.png
38926.239194541;img1699.png
38926.272552291;img1700.png
38926.305910416;img1701.png
38926.339268208;img1702.png
38926.372626125;img1703.png
38926.405984083;img1704.png
38926.439342;img1705.png
38926.472699791;img1706.png
38926.506057625;img1707.png
38926.539415666;img1708.png
38926.572773416;img1709.png
38926.606131333;img1710.png
38926.639489375;img1711.png
38926.672847166;img1712.png
38926.706205125;img1713.png
38926.739563083;img1714.png
38926.772920833;img1715.png
38926.806278791;img1716.png
38926.83963675;img1717.png
38926.872994541;img1718.png
38926.906352458;img1719.png
38926.939710375;img1720.png
38926.973068291;img1721.png
38927.006426125;img1722.png
38927.039783958;img1723.png
38927.073141875;img1724.png
38927.106499708;img1725.png
38927.139857791;img1726.png
38927.173215666;img1727.png
38927.206573458;img1728.png
38927.239931416;img1729.png
38927.273289333;img1730.png
38927.306647291;img1731.png
38927.340005125;img1732.png
38927.373363083;img1733.png
38927.406720958;img1734.png
38927.440078875;img1735.png
38927.473436833;img1736.png
38927.50679475;img1737.png
38927.5401525;img1738.png
38927.573510541;img1739.png
38927.606868291;img1740.png
38927.640226291;img1741.png
38927.673584166;img1742.png
38927.706942;img1743.png
38927.740300041;img1744.png
38927.773657791;img1745.png
38927.807015833;img1746.png
38927.840373708;img1747.png
38927.873731541;img1748.png
38927.9070895;img1749.png
38927.94044725;img1750.png
38927.973805083;img1751.png
38928.007163208;img1752.png
38928.040521;img1753.png
38928.073878916;img1754.png
38928.10723675;img1755.png
38928.140594708;img1756.png
38928.173952708;img1757.png
38928.207310541;img1758.png
38928.240668458;img1759.png
38928.274026291;img1760.png
38928.307384333;img1761.png
38928.340742125;img1762.png
38928.374099958;img1763.png
38928.407457958;img1764.png
38928.440815833;img1765.png
38928.474173625;img1766.png
38928.50753175;img1767.png
38928.5408895;img1768.png
38928.574247541;img1769.png
38928.607605416;img1770.png
38928.640963291;img1771.png
38928.674321125;img1772.png
38928.707678958;img1773.png
38928.741037;img1774.png
38928.774394833;img1775.png
38928.807752666;img1776.png
